ID,Banks,Country,Year,Total_Assets,Operating_Expenses,Interest_Expense,Total_Customer_Deposits,Netloans,Net_Interest,GDP,Inflation,Unemployment
1,PT BANK CENTRAL ASIA TBK,IDN,2009,30041707290,897100933.4,854592889.7,26078692220,12925815263,1585075581,4.628871183,4.38641555,6.106
2,"BANK NEGARA INDONESIA (PERSERO) TBK, PT",IDN,2009,24201781391,741383425.7,882352330.8,20049872675,12121848388,1126004753,4.628871183,4.38641555,6.106
3,BANK RAKYAT INDONESIA (PERSERO) TBK,IDN,2009,33717736151,1272268333,1295736183,27226384185,20931300858,2315573167,4.628871183,4.38641555,6.106
4,BANK MANDIRI (PERSERO) TBK,IDN,2009,41980448835,1030632612,1683173784,33994688221,19797294411,1784797727,4.628871183,4.38641555,6.106
5,MALAYAN BANKING BERHAD - MAYBANK,MY,2009,88215510144,1490534902,1604075858,60354463267,52741851772,1680484377,-1.513528716,0.583308406,3.66
6,CIMB GROUP HOLDINGS BERHAD,MY,2009,70078552266,1669626245,1305552361,52236045675,41529622403,1772202097,-1.513528716,0.583308406,3.66
7,CIMB BANK BERHAD,MY,2009,57239592829,1044055789,797091264.9,42888698198,33137872253,1234898250,-1.513528716,0.583308406,3.66
8,PUBLIC BANK BERHAD,MY,2009,63406674530,589443430.3,968494391.8,37611961961,39519867375,1178695300,-1.513528716,0.583308406,3.66
9,RHB BANK BERHAD,MY,2009,30981004944,392728286.8,435825673.9,23906513390,19602020121,712200622.8,-1.513528716,0.583308406,3.66
10,HONG LEONG FINANCIAL GROUP BHD,MY,2009,24530624895,276341812.9,451679789.6,19094986085,10077577661,437448135.4,-1.513528716,0.583308406,3.66
11,HONG LEONG BANK BERHAD,MY,2009,22521481315,249004977.3,447884189.7,19186191483,9878045503,384136281.1,-1.513528716,0.583308406,3.66
12,AMMB HOLDINGS BERHAD,MY,2009,29477636726,458709450.4,528029036.3,21043114400,19613721458,576414005.3,-1.513528716,0.583308406,3.66
13,AMBANK (M) BERHAD,MY,2009,27480120644,362324786,541490387,21195173676,19577255830,548830136.7,-1.513528716,0.583308406,3.66
14,BDO UNIBANK INC,PH,2009,18596276276,663603404,393713858.9,14887414498,9787643263,659224251.4,1.448323063,4.219030521,3.858
15,BANK OF THE PHILIPPINE ISLANDS,PH,2009,15627318702,420010346.4,269328668.5,12500452770,7064328104,461687798.3,1.448323063,4.219030521,3.858
16,METROPOLITAN BANK & TRUST COMPANY,PH,2009,18429263531,557464395,367505407.4,13281999674,7251700371,575522531.6,1.448323063,4.219030521,3.858
17,DBS GROUP HOLDINGS LTD,SG,2009,1.84E+11,1855493818,1182129126,1.27E+11,93043324224,3174433548,0.127953383,0.596720257,5.86
18,DBS BANK LTD,SG,2009,1.84E+11,1854068708,1182129126,1.27E+11,93043324224,3174433548,0.127953383,0.596720257,5.86
19,OVERSEA-CHINESE BANKING CORPORATION LIMITED OCBC,SG,2009,1.38E+11,1273686060,972131974.3,71706256190,57637692570,2013127424,0.127953383,0.596720257,5.86
20,UNITED OVERSEAS BANK LIMITED,SG,2009,1.32E+11,1485422559,1058423838,86576956770,70686246205,2617833856,0.127953383,0.596720257,5.86
21,KASIKORNBANK PUBLIC COMPANY LIMITED,TH,2009,41026572939,1078322665,390800091.1,29276731020,27322699449,1301781711,-0.690618232,-0.845716092,1.49
22,BANGKOK BANK PUBLIC COMPANY LIMITED,TH,2009,53179697466,1056552951,473208251.1,40838167259,32422739394,1482306743,-0.690618232,-0.845716092,1.49
23,KRUNG THAI BANK PUBLIC COMPANY LIMITED,TH,2009,46333853313,941179430.7,463593291.6,36243227142,31067238311,1276593534,-0.690618232,-0.845716092,1.49
24,THE SIAM COMMERCIAL BANK PUBLIC COMPANY LIMITED,TH,2009,38837278795,935657451.5,378941621.7,28691018235,26980562679,1260654969,-0.690618232,-0.845716092,1.49
25,BANK OF AYUDHYA PUBLIC COMPANY LTD.,TH,2009,23413546712,618441785.8,331345264.3,15621838885,17020500898,852863040.6,-0.690618232,-0.845716092,1.49
26,TMBTHANACHART BANK PUBLIC COMPANY LIMITED,TH,2009,16300938633,498083699,242312471.7,12238281056,10139804921,372375954.1,-0.690618232,-0.845716092,1.49
27,THANACHART CAPITAL PUBLIC COMPANY LIMITED,TH,2009,13804603496,337578856.7,206846297.9,7979393343,8390856379,456798412.1,-0.690618232,-0.845716092,1.49
28,JOINT STOCK COMMERCIAL BANK FOR INVESTMENT AND DEVELOPMENT OF VIETNAM,VN,2009,16522606316,252840638.3,793454303.5,10438681764,11226078211,388740417.7,5.39789754,6.7169827,1.737
29,VIETNAM JOINT-STOCK COMMERCIAL BANK FOR INDUSTRY AND TRADE,VN,2009,13588161316,172427787,310261293.5,8278816033,9008381480,248077024.3,5.39789754,6.7169827,1.737
30,JOINT STOCK COMMERCIAL BANK FOR FOREIGN TRADE OF VIETNAM- VIETCOMBANK,VN,2009,14240893868,191557489.4,490211905.1,9423753300,7635917882,362224282.1,5.39789754,6.7169827,1.737
31,PT BANK CENTRAL ASIA TBK,IDN,2010,36046563623,1062009345,858197120.7,30898601232,17045600301,1437425349,6.22385418,5.134204008,5.614
32,"BANK NEGARA INDONESIA (PERSERO) TBK, PT",IDN,2010,27620059085,922239121.4,788857119.9,21597187462,14379199938,1304187014,6.22385418,5.134204008,5.614
33,BANK RAKYAT INDONESIA (PERSERO) TBK,IDN,2010,44920622944,1790410242,1272105903,37072488968,26487375406,3613615596,6.22385418,5.134204008,5.614
34,BANK MANDIRI (PERSERO) TBK,IDN,2010,49974950667,1288407459,1601449018,40245795336,26075342734,2168734357,6.22385418,5.134204008,5.614
35,MALAYAN BANKING BERHAD - MAYBANK,MY,2010,1.03E+11,1877295194,1284527111,72727487861,63102093696,2078548920,7.424847383,1.622852356,3.39
36,CIMB GROUP HOLDINGS BERHAD,MY,2010,87342815678,2144391696,1479923149,64800798854,51615234998,2141626131,7.424847383,1.622852356,3.39
37,CIMB BANK BERHAD,MY,2010,68712261883,1252474058,865547339.7,51764168850,40289248311,1372686768,7.424847383,1.622852356,3.39
38,PUBLIC BANK BERHAD,MY,2010,73388124391,681010050.7,1140113811,46726094604,49929630267,1490732812,7.424847383,1.622852356,3.39
39,RHB BANK BERHAD,MY,2010,38733646823,459118676.3,591022048.3,29962001571,26436771357,892984434.3,7.424847383,1.622852356,3.39
40,HONG LEONG FINANCIAL GROUP BHD,MY,2010,28838793391,322375139.3,366223490,21329515606,11825707629,484691028.3,7.424847383,1.622852356,3.39
41,HONG LEONG BANK BERHAD,MY,2010,26017873930,281580664.4,359235001.8,21400673244,11588356283,424450966,7.424847383,1.622852356,3.39
42,AMMB HOLDINGS BERHAD,MY,2010,35769921391,525829340.7,646345881.4,24642903630,22762473012,698830762,7.424847383,1.622852356,3.39
43,AMBANK (M) BERHAD,MY,2010,26895665456,402242308.6,671652071.3,19665771861,18378072002,654998513.7,7.424847383,1.622852356,3.39
44,BDO UNIBANK INC,PH,2010,22806631376,758208968.8,359393876.8,17653253136,11803691678,778352526.2,7.334499965,3.789836348,3.605
45,BANK OF THE PHILIPPINE ISLANDS,PH,2010,20010163284,470365737,304409256.9,16401185209,8630010409,538407210.3,7.334499965,3.789836348,3.605
46,METROPOLITAN BANK & TRUST COMPANY,PH,2010,20219278019,633884026.4,343488669.7,14840196232,8296046634,601344433.7,7.334499965,3.789836348,3.605
47,DBS GROUP HOLDINGS LTD,SG,2010,2.20E+11,2270962764,1072204984,1.46E+11,1.18E+11,3352484518,14.51974971,2.823661349,4.12
48,DBS BANK LTD,SG,2010,2.20E+11,2268633572,1072204984,1.46E+11,1.18E+11,3352484518,14.51974971,2.823661349,4.12
49,OVERSEA-CHINESE BANKING CORPORATION LIMITED OCBC,SG,2010,1.78E+11,1720649869,1099674705,95729835175,81542526749,2287949566,14.51974971,2.823661349,4.12
50,UNITED OVERSEAS BANK LIMITED,SG,2010,1.66E+11,1761444124,1134822997,1.10E+11,87298040803,2742189479,14.51974971,2.823661349,4.12
51,KASIKORNBANK PUBLIC COMPANY LIMITED,TH,2010,51297283059,2096894994,514968018.6,36484246744,34544995351,1550344837,7.513390533,3.247588424,0.622
52,BANGKOK BANK PUBLIC COMPANY LIMITED,TH,2010,64664119181,1061213708,598450195.6,46246817399,39346806959,1513000038,7.513390533,3.247588424,0.622
53,KRUNG THAI BANK PUBLIC COMPANY LIMITED,TH,2010,58454991533,1146819563,538072009.2,41393344119,40020885761,1553785548,7.513390533,3.247588424,0.622
54,THE SIAM COMMERCIAL BANK PUBLIC COMPANY LIMITED,TH,2010,48977978118,1012738298,429503618.7,36221319399,33790038034,1318483263,7.513390533,3.247588424,0.622
55,BANK OF AYUDHYA PUBLIC COMPANY LTD.,TH,2010,28849262177,951046704.6,347983613.7,19119731585,20454745412,1268082481,7.513390533,3.247588424,0.622
56,TMBTHANACHART BANK PUBLIC COMPANY LIMITED,TH,2010,19541632769,420353971.5,259803169.6,13688527623,11382557696,345459138.6,7.513390533,3.247588424,0.622
57,THANACHART CAPITAL PUBLIC COMPANY LIMITED,TH,2010,29249927431,644717155.1,334433089.7,17657192961,19324177080,834734401.6,7.513390533,3.247588424,0.622
58,JOINT STOCK COMMERCIAL BANK FOR INVESTMENT AND DEVELOPMENT OF VIETNAM,VN,2010,19346491352,314746624,1087601801,12925239728,13146972670,485494724.9,6.423244822,9.207466488,1.114
59,VIETNAM JOINT-STOCK COMMERCIAL BANK FOR INDUSTRY AND TRADE,VN,2010,19423761900,383763263.5,1047441014,10876754065,12224490668,638555048.3,6.423244822,9.207466488,1.114
60,JOINT STOCK COMMERCIAL BANK FOR FOREIGN TRADE OF VIETNAM- VIETCOMBANK,VN,2010,16248750393,237981146.5,654565031.6,10815336570,9045072917,432878941.4,6.423244822,9.207466488,1.114
61,PT BANK CENTRAL ASIA TBK,IDN,2011,42106764118,1203304182,852277502.8,35659050708,22340247817,1856305942,6.169784208,5.35604779,5.153
62,"BANK NEGARA INDONESIA (PERSERO) TBK, PT",IDN,2011,32972233636,1086460302,798341670.7,25501183960,17255182690,1396464710,6.169784208,5.35604779,5.153
63,BANK RAKYAT INDONESIA (PERSERO) TBK,IDN,2011,51808079491,1883751587,1463649825,42366520676,30697353717,3750923239,6.169784208,5.35604779,5.153
64,BANK MANDIRI (PERSERO) TBK,IDN,2011,60848037537,1687154454,1758989735,42417706784,33315747085,2027088300,6.169784208,5.35604779,5.153
65,MALAYAN BANKING BERHAD - MAYBANK,MY,2011,1.42E+11,1240746929,937375195.2,99053271789,86953998281,1267320741,5.293912834,3.174470922,3.05
66,CIMB GROUP HOLDINGS BERHAD,MY,2011,94412602298,2086846707,1890230088,69856198184,57865526186,2101432480,5.293912834,3.174470922,3.05
67,CIMB BANK BERHAD,MY,2011,73783455653,1213598046,1082353791,55548635727,43912393694,1327152343,5.293912834,3.174470922,3.05
68,PUBLIC BANK BERHAD,MY,2011,78866689513,695210574.9,1396946488,49574455693,55383310263,1565920992,5.293912834,3.174470922,3.05
69,RHB BANK BERHAD,MY,2011,45006168323,535422724.9,785104499.8,35769052506,29928666302,913243309.8,5.293912834,3.174470922,3.05
70,HONG LEONG FINANCIAL GROUP BHD,MY,2011,51733082965,444377426.9,552592624.5,37990061095,27227299157,553328926.5,5.293912834,3.174470922,3.05
71,HONG LEONG BANK BERHAD,MY,2011,48170462821,401104458.3,529401761.8,38025672750,26967501107,548229108.5,5.293912834,3.174470922,3.05
72,AMMB HOLDINGS BERHAD,MY,2011,36806641312,593041045.7,717766920.8,25197898615,24668643420,710623505.2,5.293912834,3.174470922,3.05
73,AMBANK (M) BERHAD,MY,2011,26356794266,326806375.6,734329175.7,19348059536,18413060551,649374811.4,5.293912834,3.174470922,3.05
74,BDO UNIBANK INC,PH,2011,24980628135,753164291.3,379894383.9,19440289234,14701056712,768962871.2,3.858232824,4.718417047,3.592
75,BANK OF THE PHILIPPINE ISLANDS,PH,2011,19181752530,528387376.9,291909497,15504940364,10346453596,588827189.3,3.858232824,4.718417047,3.592
76,METROPOLITAN BANK & TRUST COMPANY,PH,2011,21817155996,698415610,355809517.1,15502481795,9917387839,669436370.4,3.858232824,4.718417047,3.592
77,DBS GROUP HOLDINGS LTD,SG,2011,2.62E+11,2539401788,1330053011,1.68E+11,1.50E+11,3709540911,6.214934169,5.247793398,3.89
78,DBS BANK LTD,SG,2011,2.62E+11,2534788888,1330053011,1.73E+11,1.50E+11,3709540911,6.214934169,5.247793398,3.89
79,OVERSEA-CHINESE BANKING CORPORATION LIMITED OCBC,SG,2011,2.14E+11,1870977113,1468108669,1.19E+11,1.03E+11,2621989623,6.214934169,5.247793398,3.89
80,UNITED OVERSEAS BANK LIMITED,SG,2011,1.82E+11,1892008865,1508839044,1.30E+11,1.09E+11,2827675018,6.214934169,5.247793398,3.89
81,KASIKORNBANK PUBLIC COMPANY LIMITED,TH,2011,54366509003,1357442185,858345549.9,39197916848,37000682245,1782545344,7.513390533,3.247588424,0.622
82,BANGKOK BANK PUBLIC COMPANY LIMITED,TH,2011,66482572419,1137841125,919214183.3,50103310341,43855140389,1662796011,7.513390533,3.247588424,0.622
83,KRUNG THAI BANK PUBLIC COMPANY LIMITED,TH,2011,62004563679,1046825226,1027222402,40559825226,43693901304,1589850839,0.840132083,3.808790581,0.66
84,THE SIAM COMMERCIAL BANK PUBLIC COMPANY LIMITED,TH,2011,58324651587,1163850901,865255985.7,37372772927,39433281875,1594322743,0.840132083,3.808790581,0.66
85,BANK OF AYUDHYA PUBLIC COMPANY LTD.,TH,2011,29907272811,867014202.6,598368012,17687560273,21775351279,1182157844,0.840132083,3.808790581,0.66
86,TMBTHANACHART BANK PUBLIC COMPANY LIMITED,TH,2011,22676431911,412377323.5,375877221.9,14272605902,11883993247,449209883.4,0.840132083,3.808790581,0.66
87,THANACHART CAPITAL PUBLIC COMPANY LIMITED,TH,2011,28246221448,1025065399,634385771.5,13753438237,19273411579,767245463.7,0.840132083,3.808790581,0.66
88,JOINT STOCK COMMERCIAL BANK FOR INVESTMENT AND DEVELOPMENT OF VIETNAM,VN,2011,19481248847,347789031.4,1532463739,11547322221,13831363446,606825230.8,6.413168897,18.67773228,0.999
89,VIETNAM JOINT-STOCK COMMERCIAL BANK FOR INDUSTRY AND TRADE,VN,2011,22114649586,443869931.4,1715344235,12352300081,13942664099,962552998.4,6.413168897,18.67773228,0.999
90,JOINT STOCK COMMERCIAL BANK FOR FOREIGN TRADE OF VIETNAM- VIETCOMBANK,VN,2011,17607176699,351269538.4,1005043828,10899599209,9798803413,596393312.3,6.413168897,18.67773228,0.999
91,PT BANK CENTRAL ASIA TBK,IDN,2012,45977600645,1334687864,788252075.4,38430117970,26710144931,2196453585,6.030050653,4.279499996,4.468
92,"BANK NEGARA INDONESIA (PERSERO) TBK, PT",IDN,2012,34592993760,1177111844,718746213.7,26742172538,20117764767,1536255994,6.030050653,4.279499996,4.468
93,BANK RAKYAT INDONESIA (PERSERO) TBK,IDN,2012,57222290773,2022940462,1307634622,46721989411,36024044257,3702434853,6.030050653,4.279499996,4.468
94,BANK MANDIRI (PERSERO) TBK,IDN,2012,65969765105,1852686809,1558884224,45961375010,38858195382,2406165566,6.030050653,4.279499996,4.468
95,MALAYAN BANKING BERHAD - MAYBANK,MY,2012,1.62E+11,2707776580,2077993555,1.14E+11,1.02E+11,3039870741,5.473454193,1.663571025,3.1
96,CIMB GROUP HOLDINGS BERHAD,MY,2012,1.10E+11,2489037439,2009229068,80861613945,66095908227,2418337205,5.473454193,1.663571025,3.1
97,CIMB BANK BERHAD,MY,2012,87110806251,1443420209,1253361195,65474773612,50908709513,1480610431,5.473454193,1.663571025,3.1
98,PUBLIC BANK BERHAD,MY,2012,89863140338,790514156.9,1683837433,57949991713,64105811015,1718186815,5.473454193,1.663571025,3.1
99,RHB BANK BERHAD,MY,2012,55697063479,639160283,958753830.9,43012152919,35259184319,1001024736,5.473454193,1.663571025,3.1
100,HONG LEONG FINANCIAL GROUP BHD,MY,2012,53408549422,656654041.8,938529266.2,38632013134,27941905883,812587265,5.473454193,1.663571025,3.1
101,HONG LEONG BANK BERHAD,MY,2012,49470847150,603510287.1,890182188.3,38594026302,27651071888,815744186.3,5.473454193,1.663571025,3.1
102,AMMB HOLDINGS BERHAD,MY,2012,41305571008,681287977.5,746310801.6,27466402368,26739947807,718292994.7,5.473454193,1.663571025,3.1
103,AMBANK (M) BERHAD,MY,2012,27437374686,345179523.6,739594272.8,20112602750,19325192387,663738358.6,5.473454193,1.663571025,3.1
104,BDO UNIBANK INC,PH,2012,30140002609,873494844.5,434380457.8,22544717193,18018717045,876893562.7,6.896951708,3.026963911,3.504
105,BANK OF THE PHILIPPINE ISLANDS,PH,2012,23918260586,561201198.4,307219845.4,19476451541,12785006668,666488631.8,6.896951708,3.026963911,3.504
106,METROPOLITAN BANK & TRUST COMPANY,PH,2012,25408889819,810230133.6,343804618.8,17932947964,12312075036,749028930.1,6.896951708,3.026963911,3.504
107,DBS GROUP HOLDINGS LTD,SG,2012,2.89E+11,2953820937,1909276621,1.97E+11,1.72E+11,4319574889,4.435497594,4.575602704,3.72
108,DBS BANK LTD,SG,2012,2.89E+11,2948916973,1909276621,1.99E+11,1.72E+11,4319574889,4.435497594,4.575602704,3.72
109,OVERSEA-CHINESE BANKING CORPORATION LIMITED OCBC,SG,2012,2.42E+11,2189964804,1814295830,1.35E+11,1.16E+11,3063133562,4.435497594,4.575602704,3.72
110,UNITED OVERSEAS BANK LIMITED,SG,2012,2.07E+11,2251542244,1867284795,1.49E+11,1.25E+11,3201478471,4.435497594,4.575602704,3.72
111,KASIKORNBANK PUBLIC COMPANY LIMITED,TH,2012,67820242339,1532210304,1064031940,45423028299,41960264272,2075667009,7.242796202,3.014899503,0.58
112,BANGKOK BANK PUBLIC COMPANY LIMITED,TH,2012,79027526200,1212692641,1315896035,59894163033,49659111401,1793964446,7.242796202,3.014899503,0.58
113,KRUNG THAI BANK PUBLIC COMPANY LIMITED,TH,2012,73665423144,1153807762,1425833161,54419639206,48331295323,1897465408,7.242796202,3.014899503,0.58
114,THE SIAM COMMERCIAL BANK PUBLIC COMPANY LIMITED,TH,2012,74108663207,1384242809,1348117663,52692612826,48936165145,2027448827,7.242796202,3.014899503,0.58
115,BANK OF AYUDHYA PUBLIC COMPANY LTD.,TH,2012,34995413916,1005434412,805932455.3,22433010898,26157171659,1304306695,7.242796202,3.014899503,0.58
116,TMBTHANACHART BANK PUBLIC COMPANY LIMITED,TH,2012,23404752979,448670142.3,444410358.2,16197587197,13997016492,557104441.6,7.242796202,3.014899503,0.58
117,THANACHART CAPITAL PUBLIC COMPANY LIMITED,TH,2012,33426666964,1134894254,841106949.1,22637384523,23880945647,791153370.6,7.242796202,3.014899503,0.58
118,JOINT STOCK COMMERCIAL BANK FOR INVESTMENT AND DEVELOPMENT OF VIETNAM,VN,2012,23271364151,223327439.3,1116707489,14575382715,16039908562,448090171.3,5.504544704,9.094703396,1.027
119,VIETNAM JOINT-STOCK COMMERCIAL BANK FOR INDUSTRY AND TRADE,VN,2012,24175641217,459988953.8,1547951688,13880608069,15828828287,884387548.7,5.504544704,9.094703396,1.027
120,JOINT STOCK COMMERCIAL BANK FOR FOREIGN TRADE OF VIETNAM- VIETCOMBANK,VN,2012,19899897730,295169529.2,998314953.2,13655394944,11324657924,525931098.5,5.504544704,9.094703396,1.027
121,PT BANK CENTRAL ASIA TBK,IDN,2013,40655154274,1198546975,636892470.2,33543327572,25565165046,2158120192,5.557263689,6.412513302,4.336
122,"BANK NEGARA INDONESIA (PERSERO) TBK, PT",IDN,2013,31673113668,1062893124,568726864.1,23910400094,19967600115,1488954478,5.557263689,6.412513302,4.336
123,BANK RAKYAT INDONESIA (PERSERO) TBK,IDN,2013,51294235123,1832255954,1195168852,41308580452,35463514089,3533075489,5.557263689,6.412513302,4.336
124,BANK MANDIRI (PERSERO) TBK,IDN,2013,60052406412,1662893614,1427972800,41694802825,37283647579,2269584981,5.557263689,6.412513302,4.336
125,MALAYAN BANKING BERHAD - MAYBANK,MY,2013,1.71E+11,2721462260,2048207010,1.21E+11,1.08E+11,2921005770,4.693722526,2.105012312,3.16
126,CIMB GROUP HOLDINGS BERHAD,MY,2013,1.13E+11,2577440312,2048805212,80147589188,69611980910,2423936115,4.693722526,2.105012312,3.16
127,CIMB BANK BERHAD,MY,2013,92466207147,1486055530,1308566569,67117994814,56507884628,1576832618,4.693722526,2.105012312,3.16
128,PUBLIC BANK BERHAD,MY,2013,93166359853,762954780.9,1766129594,61365665131,66864483604,1697558511,4.693722526,2.105012312,3.16
129,RHB BANK BERHAD,MY,2013,53072640224,646184700.9,991070287.2,41327180603,35926215250,985647157.3,4.693722526,2.105012312,3.16
130,HONG LEONG FINANCIAL GROUP BHD,MY,2013,56779345397,640806056,1027011823,38999121594,30289430335,740621694.7,4.693722526,2.105012312,3.16
131,HONG LEONG BANK BERHAD,MY,2013,51466320887,581099589.3,948790332.7,38897930778,30023899103,790834374.9,4.693722526,2.105012312,3.16
132,AMMB HOLDINGS BERHAD,MY,2013,40611744003,661659759.2,733565523.8,27443437297,26669901758,697376141.6,4.693722526,2.105012312,3.16
133,AMBANK (M) BERHAD,MY,2013,26610328256,345318635.4,717112105.4,19870048857,18843089126,654998294,4.693722526,2.105012312,3.16
134,BDO UNIBANK INC,PH,2013,37663305252,868037125.9,302607293.1,30109110450,19955329871,971900774.9,6.750531304,2.582687661,3.497
135,BANK OF THE PHILIPPINE ISLANDS,PH,2013,26914126811,558269928.1,235916608.4,22258432551,14301661976,682757705.1,6.750531304,2.582687661,3.497
136,METROPOLITAN BANK & TRUST COMPANY,PH,2013,31039064991,873035549.9,261696768.5,22881704507,13384563742,861642745.6,6.750531304,2.582687661,3.497
137,DBS GROUP HOLDINGS LTD,SG,2013,3.18E+11,3096498900,1910218949,2.31E+11,1.97E+11,4401327813,4.817630991,2.358604154,3.86
138,DBS BANK LTD,SG,2013,3.18E+11,3090966615,1910218949,2.31E+11,1.97E+11,4401327813,4.817630991,2.358604154,3.86
139,OVERSEA-CHINESE BANKING CORPORATION LIMITED OCBC,SG,2013,2.67E+11,2197236261,1810830660,1.55E+11,1.33E+11,3068704700,4.817630991,2.358604154,3.86
140,UNITED OVERSEAS BANK LIMITED,SG,2013,2.25E+11,2290507423,1887619565,1.60E+11,1.41E+11,3255980448,4.817630991,2.358604154,3.86
141,KASIKORNBANK PUBLIC COMPANY LIMITED,TH,2013,69789518101,1592941342,1018754439,46621980810,42567929972,2218500908,2.687495563,2.184886185,0.249
142,BANGKOK BANK PUBLIC COMPANY LIMITED,TH,2013,79128998101,1156463928,1356937394,58977742074,50730673626,1702921992,2.687495563,2.184886185,0.249
143,KRUNG THAI BANK PUBLIC COMPANY LIMITED,TH,2013,76396151180,1206329320,1429936700,57408550306,50403813416,1965084332,2.687495563,2.184886185,0.249
144,THE SIAM COMMERCIAL BANK PUBLIC COMPANY LIMITED,TH,2013,77230350918,1442002886,1453117028,55553521563,51170765548,2224961644,2.687495563,2.184886185,0.249
145,BANK OF AYUDHYA PUBLIC COMPANY LTD.,TH,2013,35948681301,1021045348,805824429.8,23284553196,27645976592,1369523639,2.687495563,2.184886185,0.249
146,TMBTHANACHART BANK PUBLIC COMPANY LIMITED,TH,2013,23335810175,439473184.2,426774272.6,16139832576,14293159210,634553977.7,2.687495563,2.184886185,0.249
147,THANACHART CAPITAL PUBLIC COMPANY LIMITED,TH,2013,32026778905,789823960.2,839847152.8,21719352943,23204317499,809315086.2,2.687495563,2.184886185,0.249
148,JOINT STOCK COMMERCIAL BANK FOR INVESTMENT AND DEVELOPMENT OF VIETNAM,VN,2013,26068934341,370478003.5,1377641712,16110579209,18296722280,663154711.1,5.55351081,6.592674759,1.316
149,VIETNAM JOINT-STOCK COMMERCIAL BANK FOR INDUSTRY AND TRADE,VN,2013,27399146073,491832352.8,1236146080,17327296737,17730973353,868856040.1,5.55351081,6.592674759,1.316
150,JOINT STOCK COMMERCIAL BANK FOR FOREIGN TRADE OF VIETNAM- VIETCOMBANK,VN,2013,22294830240,301262370.6,832680625.2,15794143848,12733571671,512569043,5.55351081,6.592674759,1.316
151,PT BANK CENTRAL ASIA TBK,IDN,2014,44526381248,1480469052,934575364.4,36054276291,27931778695,2570854201,5.006668426,6.394925408,4.049
152,"BANK NEGARA INDONESIA (PERSERO) TBK, PT",IDN,2014,33532195920,1140896388,829639932.8,24169884488,21786193527,1701814188,5.006668426,6.394925408,4.049
153,BANK RAKYAT INDONESIA (PERSERO) TBK,IDN,2014,64555900834,2150452172,1826032574,50093939355,39807631161,4055413860,5.006668426,6.394925408,4.049
154,BANK MANDIRI (PERSERO) TBK,IDN,2014,68826614075,1833985744,1892082048,46964853560,41156244924,2741486055,5.006668426,6.394925408,4.049
155,MALAYAN BANKING BERHAD - MAYBANK,MY,2014,1.83E+11,2606878438,2331326216,1.26E+11,1.15E+11,2776452976,6.006721946,3.142990509,2.88
156,CIMB GROUP HOLDINGS BERHAD,MY,2014,1.19E+11,2372521639,2118299031,80706378075,73823995135,2476551684,6.006721946,3.142990509,2.88
157,CIMB BANK BERHAD,MY,2014,96609323099,1397511037,1292853525,67315352688,59500635829,1691466121,6.006721946,3.142990509,2.88
158,PUBLIC BANK BERHAD,MY,2014,98919009831,745598008.7,1918630645,62029586941,69591371322,1696844948,6.006721946,3.142990509,2.88
159,RHB BANK BERHAD,MY,2014,58551375442,690159953.5,1095779702,44308015279,39926841248,927702446.4,6.006721946,3.142990509,2.88
160,HONG LEONG FINANCIAL GROUP BHD,MY,2014,59235945707,616790212.1,1024137038,40714670118,32289502178,770723865.4,6.006721946,3.142990509,2.88
161,HONG LEONG BANK BERHAD,MY,2014,53060520459,558234847.6,930539780,40596324379,31951121245,829224098.3,6.006721946,3.142990509,2.88
162,AMMB HOLDINGS BERHAD,MY,2014,36002642703,587999720.4,631265695.7,24789465183,23186813792,533064701.9,6.006721946,3.142990509,2.88
163,AMBANK (M) BERHAD,MY,2014,23352011421,328703613.1,618338748.5,16862744216,15699014383,512806125.6,6.006721946,3.142990509,2.88
164,BDO UNIBANK INC,PH,2014,41769931189,953156878.6,276979629.6,33192931300,23816415522,1148104995,6.34798748,3.597823439,3.6
165,BANK OF THE PHILIPPINE ISLANDS,PH,2014,32503239023,615169112.5,250666788.9,26362440607,17934195677,780151071.8,6.34798748,3.597823439,3.6
166,METROPOLITAN BANK & TRUST COMPANY,PH,2014,35962525878,941210759.3,303270057.2,26547145990,16662348610,1025685288,6.34798748,3.597823439,3.6
167,DBS GROUP HOLDINGS LTD,SG,2014,3.34E+11,3277075607,1988193446,2.40E+11,2.09E+11,4783924922,3.935540277,1.02514803,3.74
168,DBS BANK LTD,SG,2014,3.34E+11,3271777794,1987436615,2.40E+11,2.09E+11,4784681753,3.935540277,1.02514803,3.74
169,OVERSEA-CHINESE BANKING CORPORATION LIMITED OCBC,SG,2014,3.04E+11,2463206690,2172667070,1.86E+11,1.57E+11,3584444108,3.935540277,1.02514803,3.74
170,UNITED OVERSEAS BANK LIMITED,SG,2014,2.32E+11,2381260879,1991672595,1.77E+11,1.48E+11,3449430863,3.935540277,1.02514803,3.74
171,KASIKORNBANK PUBLIC COMPANY LIMITED,TH,2014,72479344229,1863271177,923641671.1,49444256339,44871917596,2521979222,0.984468864,1.895141819,0.576
172,BANGKOK BANK PUBLIC COMPANY LIMITED,TH,2014,83726911257,1307129071,1349482771,62457271105,51407366519,1789794642,0.984468864,1.895141819,0.576
173,KRUNG THAI BANK PUBLIC COMPANY LIMITED,TH,2014,84614343572,1460576636,1549368100,65263121641,57099360952,2340736008,0.984468864,1.895141819,0.576
174,THE SIAM COMMERCIAL BANK PUBLIC COMPANY LIMITED,TH,2014,81901013893,1458879703,1282680598,57499105823,52238419529,2460334347,0.984468864,1.895141819,0.576
175,BANK OF AYUDHYA PUBLIC COMPANY LTD.,TH,2014,36837314176,1040753586,808937304.1,25408974036,29597458150,1454479284,0.984468864,1.895141819,0.576
176,TMBTHANACHART BANK PUBLIC COMPANY LIMITED,TH,2014,24548198549,475417049.7,432393901.9,17341413331,15261535864,655128486.1,0.984468864,1.895141819,0.576
177,THANACHART CAPITAL PUBLIC COMPANY LIMITED,TH,2014,31114594687,745311874.7,772843744.2,14206671518,22085176097,833206940.1,0.984468864,1.895141819,0.576
178,JOINT STOCK COMMERCIAL BANK FOR INVESTMENT AND DEVELOPMENT OF VIETNAM,VN,2014,30610014074,419176494.8,1277416569,20731976821,20666013253,792820372.7,6.422243121,4.084554466,1.256
179,VIETNAM JOINT-STOCK COMMERCIAL BANK FOR INDUSTRY AND TRADE,VN,2014,31123115541,571905052.2,1105850254,19965224743,20498094495,840728401.4,6.422243121,4.084554466,1.256
180,JOINT STOCK COMMERCIAL BANK FOR FOREIGN TRADE OF VIETNAM- VIETCOMBANK,VN,2014,27157848000,329695512.1,763136479.9,19872153390,14885330895,565225959.8,6.422243121,4.084554466,1.256
181,PT BANK CENTRAL ASIA TBK,IDN,2015,43086100532,1574053100,798756270.8,34336078617,27995427506,2587457282,4.8763223,6.363121131,4.514
182,"BANK NEGARA INDONESIA (PERSERO) TBK, PT",IDN,2015,36868088202,1153489935,761399403.2,25656895409,22766692573,1738121890,4.8763223,6.363121131,4.514
183,BANK RAKYAT INDONESIA (PERSERO) TBK,IDN,2015,63677150602,2266382770,1894969150,48495495773,40853939581,4122264860,4.8763223,6.363121131,4.514
184,BANK MANDIRI (PERSERO) TBK,IDN,2015,65970524745,1839689992,1899747983,45112889976,41486120430,2911173187,4.8763223,6.363121131,4.514
185,MALAYAN BANKING BERHAD - MAYBANK,MY,2015,1.65E+11,2420058182,2022058659,1.11E+11,1.06E+11,2589502493,5.091532422,2.104389802,3.1
186,CIMB GROUP HOLDINGS BERHAD,MY,2015,1.08E+11,2154934238,2041443328,73957029919,67636452969,2175382979,5.091532422,2.104389802,3.1
187,CIMB BANK BERHAD,MY,2015,87676272791,1250073126,1271548894,61347217352,54855050706,1458552617,5.091532422,2.104389802,3.1
188,PUBLIC BANK BERHAD,MY,2015,84752608611,679207111.2,1826995058,57140374735,63330490132,1485792830,5.091532422,2.104389802,3.1
189,RHB BANK BERHAD,MY,2015,53107721536,845692894.2,1072229002,36849449143,34850878134,793941264.6,5.091532422,2.104389802,3.1
190,HONG LEONG FINANCIAL GROUP BHD,MY,2015,53477916558,528401291.8,935338570.8,37254039456,29880246494,715809040.3,5.091532422,2.104389802,3.1
191,HONG LEONG BANK BERHAD,MY,2015,48611740404,479159709.9,888462066.2,37074587064,29619367074,724130530.6,5.091532422,2.104389802,3.1
192,AMMB HOLDINGS BERHAD,MY,2015,34106068087,557905911.3,627093060.2,23038902435,22058453181,417581843,5.091532422,2.104389802,3.1
193,AMBANK (M) BERHAD,MY,2015,22134582196,320156550.5,613031867.1,15846115388,14996109020,408458181.7,5.091532422,2.104389802,3.1
194,BDO UNIBANK INC,PH,2015,43066064360,1020480851,321545179.5,35128121807,26568417818,1207670775,6.348309715,0.674192537,3.068
195,BANK OF THE PHILIPPINE ISLANDS,PH,2015,32149344734,615549333.8,289572996.3,27047004086,18506148420,819255392.4,6.348309715,0.674192537,3.068
196,METROPOLITAN BANK & TRUST COMPANY,PH,2015,37329686484,845354701.2,351566805.1,26671118916,18417631268,1038332693,6.348309715,0.674192537,3.068
197,DBS GROUP HOLDINGS LTD,SG,2015,3.24E+11,3465591586,1799278570,2.26E+11,2.00E+11,5021571481,2.976799316,-0.522618167,3.79
198,DBS BANK LTD,SG,2015,3.24E+11,3460640741,1809180260,2.26E+11,2.00E+11,5011669791,2.976799316,-0.522618167,3.79
199,OVERSEA-CHINESE BANKING CORPORATION LIMITED OCBC,SG,2015,2.76E+11,2604441585,2331870685,1.74E+11,1.47E+11,3670289228,2.976799316,-0.522618167,3.79
200,UNITED OVERSEAS BANK LIMITED,SG,2015,2.24E+11,2544000961,2050934979,1.70E+11,1.44E+11,3484190496,2.976799316,-0.522618167,3.79
201,KASIKORNBANK PUBLIC COMPANY LIMITED,TH,2015,70806441078,1847008498,813026814.9,47255337464,42912664227,2355646896,3.134047249,-0.900424963,0.597
202,BANGKOK BANK PUBLIC COMPANY LIMITED,TH,2015,78580275095,1248175996,1283064437,57939763948,49018110167,1593578001,3.134047249,-0.900424963,0.597
203,KRUNG THAI BANK PUBLIC COMPANY LIMITED,TH,2015,78011604749,1410962081,1431406847,59173768848,53961217326,2240814236,3.134047249,-0.900424963,0.597
204,THE SIAM COMMERCIAL BANK PUBLIC COMPANY LIMITED,TH,2015,76874944687,1356330813,1098075274,52391308295,49133908505,2295295429,3.134047249,-0.900424963,0.597
205,BANK OF AYUDHYA PUBLIC COMPANY LTD.,TH,2015,47259147809,1079233119,709254434.2,28992257460,34971791064,1561462597,3.134047249,-0.900424963,0.597
206,TMBTHANACHART BANK PUBLIC COMPANY LIMITED,TH,2015,23246600506,453043917.7,366043564.5,17864200586,15318382836,643416469.8,3.134047249,-0.900424963,0.597
207,THANACHART CAPITAL PUBLIC COMPANY LIMITED,TH,2015,27642547131,692702891.9,579396586.5,15402550161,17692886323,768393413.4,3.134047249,-0.900424963,0.597
208,JOINT STOCK COMMERCIAL BANK FOR INVESTMENT AND DEVELOPMENT OF VIETNAM,VN,2015,38853673196,559860005.2,1356338868,25796840137,26994856307,882364926.2,6.987154306,0.631200905,1.849
209,VIETNAM JOINT-STOCK COMMERCIAL BANK FOR INDUSTRY AND TRADE,VN,2015,35609111744,576760826.8,1079613753,22519874118,24373234209,860620568.9,6.987154306,0.631200905,1.849
210,JOINT STOCK COMMERCIAL BANK FOR FOREIGN TRADE OF VIETNAM- VIETCOMBANK,VN,2015,30808342314,390201903.2,726710661,22865612021,17292910506,705940218.7,6.987154306,0.631200905,1.849
211,PT BANK CENTRAL ASIA TBK,IDN,2016,50367576131,1740022774,753774560.8,39456209059,30646075316,2967347499,5.033069183,3.525805157,4.301
212,"BANK NEGARA INDONESIA (PERSERO) TBK, PT",IDN,2016,44881801125,1375965242,961507889.1,30920890439,28028768007,2088362310,5.033069183,3.525805157,4.301
213,BANK RAKYAT INDONESIA (PERSERO) TBK,IDN,2016,74698156137,2740732956,1948234072,56157068613,47678904875,4910303587,5.033069183,3.525805157,4.301
214,BANK MANDIRI (PERSERO) TBK,IDN,2016,77307681516,2065187109,1852077925,52252175491,46819587370,3443054629,5.033069183,3.525805157,4.301
215,MALAYAN BANKING BERHAD - MAYBANK,MY,2016,1.64E+11,2359798049,2089220473,1.09E+11,1.07E+11,2578746333,4.449781398,2.090566595,3.44
216,CIMB GROUP HOLDINGS BERHAD,MY,2016,1.08E+11,1928597868,2006261935,74954423420,70301582562,2190353554,4.449781398,2.090566595,3.44
217,CIMB BANK BERHAD,MY,2016,88170243362,1144732506,1341900808,62077633128,57111000917,1414803172,4.449781398,2.090566595,3.44
218,PUBLIC BANK BERHAD,MY,2016,84719756499,715887207.8,1816121497,57565439394,65187067604,1542667639,4.449781398,2.090566595,3.44
219,RHB BANK BERHAD,MY,2016,52759436030,690746102,976113691.3,36961517548,33961280576,769832593.6,4.449781398,2.090566595,3.44
220,HONG LEONG FINANCIAL GROUP BHD,MY,2016,52324309159,567900806.9,946560843.4,36810096635,29942794721,656542447.5,4.449781398,2.090566595,3.44
221,HONG LEONG BANK BERHAD,MY,2016,47191600903,518781851.1,906992664.5,36569793590,29697464455,660058171.5,4.449781398,2.090566595,3.44
222,AMMB HOLDINGS BERHAD,MY,2016,30445638140,488501984.8,549421448.1,21221068463,20301612218,353461657.3,4.449781398,2.090566595,3.44
223,AMBANK (M) BERHAD,MY,2016,20457724048,263578226.4,536805385.6,15228547411,14081429353,343927487.9,4.449781398,2.090566595,3.44
224,BDO UNIBANK INC,PH,2016,46674543055,1080119654,329492303.1,38247124462,29226145951,1317407110,7.149456753,1.253698801,2.695
225,BANK OF THE PHILIPPINE ISLANDS,PH,2016,34643486837,632666175.1,319896414.4,28733463315,20892538211,850721704,7.149456753,1.253698801,2.695
226,METROPOLITAN BANK & TRUST COMPANY,PH,2016,37661032475,895208083.3,305843857.8,27890350067,20980426915,1062895234,7.149456753,1.253698801,2.695
227,DBS GROUP HOLDINGS LTD,SG,2016,3.33E+11,3437737666,1689137795,2.40E+11,2.08E+11,5050819318,3.588643696,-0.53226874,4.08
228,DBS BANK LTD,SG,2016,3.33E+11,3432897729,1698817668,2.40E+11,2.08E+11,5041139445,3.588643696,-0.53226874,4.08
229,OVERSEA-CHINESE BANKING CORPORATION LIMITED OCBC,SG,2016,2.83E+11,2635265843,2292814762,1.81E+11,1.50E+11,3493139726,3.588643696,-0.53226874,4.08
230,UNITED OVERSEAS BANK LIMITED,SG,2016,2.35E+11,2555830733,2281543933,1.77E+11,1.53E+11,3450701781,3.588643696,-0.53226874,4.08
231,KASIKORNBANK PUBLIC COMPANY LIMITED,TH,2016,79353136984,1782113642,731076973.1,50092099216,45097108944,2502825760,3.435157717,0.188149704,0.688
232,BANGKOK BANK PUBLIC COMPANY LIMITED,TH,2016,82170589890,1409552574,1072962559,60789796877,50968247314,1786121936,3.435157717,0.188149704,0.688
233,KRUNG THAI BANK PUBLIC COMPANY LIMITED,TH,2016,75067004527,1413075252,1179548809,55047864187,50196566613,2427131733,3.435157717,0.188149704,0.688
234,THE SIAM COMMERCIAL BANK PUBLIC COMPANY LIMITED,TH,2016,81299642668,1441324378,948739477.9,56551280793,52073193618,2468525566,3.435157717,0.188149704,0.688
235,BANK OF AYUDHYA PUBLIC COMPANY LTD.,TH,2016,52557951236,1202325897,668365388.5,30931240173,39164319533,1729717792,3.435157717,0.188149704,0.688
236,TMBTHANACHART BANK PUBLIC COMPANY LIMITED,TH,2016,22252319347,463307019.1,303399037,16716056151,15887716217,691027518.7,3.435157717,0.188149704,0.688
237,THANACHART CAPITAL PUBLIC COMPANY LIMITED,TH,2016,26984317272,700215840.4,467205938.1,15376836558,18629874837,794514108.7,3.435157717,0.188149704,0.688
238,JOINT STOCK COMMERCIAL BANK FOR INVESTMENT AND DEVELOPMENT OF VIETNAM,VN,2016,45416336368,696537543.5,1767481454,32764189224,32205097047,1055716058,6.690008927,2.66824817,1.848
239,VIETNAM JOINT-STOCK COMMERCIAL BANK FOR INDUSTRY AND TRADE,VN,2016,42807322972,636148178,1380283626,29561808910,29563121154,1006538119,6.690008927,2.66824817,1.848
240,JOINT STOCK COMMERCIAL BANK FOR FOREIGN TRADE OF VIETNAM- VIETCOMBANK,VN,2016,35558240837,465515619.7,865808939.3,26646117697,20430600215,836353143.7,6.690008927,2.66824817,1.848
241,PT BANK CENTRAL ASIA TBK,IDN,2017,55382322407,1859338803,863759485.8,42893081454,34171345316,3068244304,5.069785901,3.80879807,3.783
242,"BANK NEGARA INDONESIA (PERSERO) TBK, PT",IDN,2017,52356813934,1475203047,1130900773,36370532156,31502066708,2190859116,5.069785901,3.80879807,3.783
243,BANK RAKYAT INDONESIA (PERSERO) TBK,IDN,2017,83218743619,2850168121,2114901997,62124039488,52349602463,5273150660,5.069785901,3.80879807,3.783
244,BANK MANDIRI (PERSERO) TBK,IDN,2017,83016009479,2304722496,1679595365,55328019999,51330954574,3565097957,5.069785901,3.80879807,3.783
245,MALAYAN BANKING BERHAD - MAYBANK,MY,2017,1.88E+11,2781113923,2439510780,1.24E+11,1.20E+11,2990408848,5.81272241,3.871201158,3.41
246,CIMB GROUP HOLDINGS BERHAD,MY,2017,1.25E+11,2248541311,2227866274,85799672452,77931315901,2574863805,5.81272241,3.871201158,3.41
247,CIMB BANK BERHAD,MY,2017,1.03E+11,1362218828,1588558558,72845916946,64448228303,1675723499,5.81272241,3.871201158,3.41
248,PUBLIC BANK BERHAD,MY,2017,97310743106,843963054.2,1935326645,66413194041,74604657922,1825977066,5.81272241,3.871201158,3.41
249,RHB BANK BERHAD,MY,2017,56674032754,784477826.5,1030040106,40905403108,38971309600,867013029.1,5.81272241,3.871201158,3.41
250,HONG LEONG FINANCIAL GROUP BHD,MY,2017,50992642262,517520034.7,813891021.4,35392895667,29066623343,657115751.5,5.81272241,3.871201158,3.41
251,HONG LEONG BANK BERHAD,MY,2017,45540876703,467518171,770546586.7,35573423848,28875394184,664743138.7,5.81272241,3.871201158,3.41
252,AMMB HOLDINGS BERHAD,MY,2017,35702029613,626740268.9,687630738.1,24807142356,24696503572,430954154.3,5.81272241,3.871201158,3.41
253,AMBANK (M) BERHAD,MY,2017,24633248525,369766688.8,676627890.3,18061503277,17432544727,425450529.5,5.81272241,3.871201158,3.41
254,BDO UNIBANK INC,PH,2017,53444382522,1225146684,361396538.3,42485666474,34553130640,1637581820,6.930988325,2.853187726,2.552
255,BANK OF THE PHILIPPINE ISLANDS,PH,2017,38136829413,692927084,356749381.9,31292188901,24083848303,962261850.4,6.930988325,2.853187726,2.552
256,METROPOLITAN BANK & TRUST COMPANY,PH,2017,41670010391,976043073,378903498.4,30606372768,24968851177,1230014180,6.930988325,2.853187726,2.552
257,DBS GROUP HOLDINGS LTD,SG,2017,3.87E+11,3894209122,2275923948,2.80E+11,2.42E+11,5828968928,4.512926318,0.57626031,4.2
258,DBS BANK LTD,SG,2017,3.87E+11,3885979286,2266197777,2.80E+11,2.42E+11,5838695099,4.512926318,0.57626031,4.2
259,OVERSEA-CHINESE BANKING CORPORATION LIMITED OCBC,SG,2017,3.40E+11,3042185345,2764412643,2.12E+11,1.76E+11,4057400800,4.512926318,0.57626031,4.2
260,UNITED OVERSEAS BANK LIMITED,SG,2017,2.68E+11,3013041248,2654856308,2.04E+11,1.74E+11,4135917184,4.512926318,0.57626031,4.2
261,KASIKORNBANK PUBLIC COMPANY LIMITED,TH,2017,88762572695,2030922182,770358218.3,57485319934,52101992080,2881224189,4.177681032,0.665631893,0.83
262,BANGKOK BANK PUBLIC COMPANY LIMITED,TH,2017,94131752041,1497754707,1188798345,70706222608,57190254622,2038652538,4.177681032,0.665631893,0.83
263,KRUNG THAI BANK PUBLIC COMPANY LIMITED,TH,2017,87335721941,1514131275,1102257583,63366512900,55626138279,2657925566,4.177681032,0.665631893,0.83
264,THE SIAM COMMERCIAL BANK PUBLIC COMPANY LIMITED,TH,2017,92532090869,1764029196,1003736123,64026908419,59608823256,2824585603,4.177681032,0.665631893,0.83
265,BANK OF AYUDHYA PUBLIC COMPANY LTD.,TH,2017,63914153477,1475190243,809739018.5,40366972591,45863026838,2097096461,4.177681032,0.665631893,0.83
266,TMBTHANACHART BANK PUBLIC COMPANY LIMITED,TH,2017,25821558296,535668568.7,305377145.6,18709093001,18952140163,756802900.1,4.177681032,0.665631893,0.83
267,THANACHART CAPITAL PUBLIC COMPANY LIMITED,TH,2017,31379947271,781343717.4,474618383.7,17551110484,21077881397,892581504.2,4.177681032,0.665631893,0.83
268,JOINT STOCK COMMERCIAL BANK FOR INVESTMENT AND DEVELOPMENT OF VIETNAM,VN,2017,53613550552,720482870.8,2125894542,38349395457,38150971907,1380393834,6.940190374,3.520256888,1.874
269,VIETNAM JOINT-STOCK COMMERCIAL BANK FOR INDUSTRY AND TRADE,VN,2017,48832145713,727260529.8,1703643830,33575712625,34888974551,1207268122,6.940190374,3.520256888,1.874
270,JOINT STOCK COMMERCIAL BANK FOR FOREIGN TRADE OF VIETNAM- VIETCOMBANK,VN,2017,46166925629,540586233.4,1080099111,31595082880,23871635074,978262943.7,6.940190374,3.520256888,1.874
271,PT BANK CENTRAL ASIA TBK,IDN,2018,56956560036,1909505840,774736553.1,43492301529,36759780693,3104965065,5.17429154,3.198346416,4.387
272,"BANK NEGARA INDONESIA (PERSERO) TBK, PT",IDN,2018,55836752492,1437209312,1222626617,38130806109,34382079216,2269624202,5.17429154,3.198346416,4.387
273,BANK RAKYAT INDONESIA (PERSERO) TBK,IDN,2018,89558614388,2899681244,2247178722,63760089918,55426408731,5242522144,5.17429154,3.198346416,4.387
274,BANK MANDIRI (PERSERO) TBK,IDN,2018,83022726106,2594167467,1637361236,52897513621,54409713749,3504160908,5.17429154,3.198346416,4.387
275,MALAYAN BANKING BERHAD - MAYBANK,MY,2018,1.95E+11,2717335300,2687148758,1.29E+11,1.23E+11,2917217868,4.843086976,0.884709161,3.3
276,CIMB GROUP HOLDINGS BERHAD,MY,2018,1.29E+11,2091535848,2320732419,89451030453,81466297481,2328002928,4.843086976,0.884709161,3.3
277,CIMB BANK BERHAD,MY,2018,1.09E+11,1404203473,1772092809,77139759069,68737343115,1610815774,4.843086976,0.884709161,3.3
278,PUBLIC BANK BERHAD,MY,2018,1.01E+11,863473732.9,2101785455,68598973414,76177158356,1827465771,4.843086976,0.884709161,3.3
279,RHB BANK BERHAD,MY,2018,58756960728,811321744.9,1053506839,43217671182,40021692890,883226783.8,4.843086976,0.884709161,3.3
280,HONG LEONG FINANCIAL GROUP BHD,MY,2018,56782853712,568287987.4,903454762.7,38062588706,31905716501,710810460.9,4.843086976,0.884709161,3.3
281,HONG LEONG BANK BERHAD,MY,2018,50239142327,510201568.3,857852929.6,38194118484,31709572137,716384807.9,4.843086976,0.884709161,3.3
282,AMMB HOLDINGS BERHAD,MY,2018,38910415216,522144587.2,776222761.5,26198478811,24637104594,422520962.7,4.843086976,0.884709161,3.3
283,AMBANK (M) BERHAD,MY,2018,26815358025,308788050.9,768902251.6,18610468550,17479565308,412375164.8,4.843086976,0.884709161,3.3
284,BDO UNIBANK INC,PH,2018,57322037952,1364236459,583187946.9,45898738777,37806332696,1864274414,6.341485571,5.309346616,2.338
285,BANK OF THE PHILIPPINE ISLANDS,PH,2018,39549884094,726500296.5,461782130.3,30076361195,25697899587,1059157165,6.341485571,5.309346616,2.338
286,METROPOLITAN BANK & TRUST COMPANY,PH,2018,42555441464,1017677003,537971345.3,29526459799,25995600836,1305325904,6.341485571,5.309346616,2.338
287,DBS GROUP HOLDINGS LTD,SG,2018,4.04E+11,4259964873,3548505311,2.89E+11,2.53E+11,6561401004,3.517114185,0.438620118,3.613
288,DBS BANK LTD,SG,2018,4.04E+11,4248974252,3500146577,2.89E+11,2.53E+11,6605363490,3.517114185,0.438620118,3.613
289,OVERSEA-CHINESE BANKING CORPORATION LIMITED OCBC,SG,2018,3.43E+11,3095633824,3780164165,2.16E+11,1.87E+11,4315731286,3.517114185,0.438620118,3.613
290,UNITED OVERSEAS BANK LIMITED,SG,2018,2.84E+11,2933261313,3605655077,2.15E+11,1.89E+11,4557418715,3.517114185,0.438620118,3.613
291,KASIKORNBANK PUBLIC COMPANY LIMITED,TH,2018,97229899287,2106258544,782254430.4,61479608053,55407860351,3036628863,4.222870287,1.063897542,0.766
292,BANGKOK BANK PUBLIC COMPANY LIMITED,TH,2018,96048363971,1699999679,1214337214,71694432106,59654635339,2199582108,4.222870287,1.063897542,0.766
293,KRUNG THAI BANK PUBLIC COMPANY LIMITED,TH,2018,84413560975,1636003384,1111915320,62854066437,58424838554,2579025738,4.222870287,1.063897542,0.766
294,THE SIAM COMMERCIAL BANK PUBLIC COMPANY LIMITED,TH,2018,98223705590,1991967517,1009497740,66552982890,62885502686,2969787157,4.222870287,1.063897542,0.766
295,BANK OF AYUDHYA PUBLIC COMPANY LTD.,TH,2018,66984153002,1594493575,980067666.6,43955524828,49768688503,2321401039,4.222870287,1.063897542,0.766
296,TMBTHANACHART BANK PUBLIC COMPANY LIMITED,TH,2018,27479778102,534676727.5,327613727.1,20017627081,20155439948,754919901.5,4.222870287,1.063897542,0.766
297,THANACHART CAPITAL PUBLIC COMPANY LIMITED,TH,2018,32694474673,800376236.8,486651686.1,20538091178,22530940673,948148548.7,4.222870287,1.063897542,0.766
298,JOINT STOCK COMMERCIAL BANK FOR INVESTMENT AND DEVELOPMENT OF VIETNAM,VN,2018,57518785723,734823634.1,2414820525,43359087907,42774786293,1521176295,7.465006856,3.539628059,1.161
299,VIETNAM JOINT-STOCK COMMERCIAL BANK FOR INDUSTRY AND TRADE,VN,2018,51015761935,669488079.3,2263221704,36180334769,37323881174,986553629.9,7.465006856,3.539628059,1.161
300,JOINT STOCK COMMERCIAL BANK FOR FOREIGN TRADE OF VIETNAM- VIETCOMBANK,VN,2018,47054834118,608658636.2,1202866845,35133806636,27232125548,1244622859,7.465006856,3.539628059,1.161
